{"cameraMode":{"drawMode":0,"name":"Shaded","section":"Shading Mode"},"sceneLighting":true,"audioPlay":false,"sceneViewState":{"showFog":true,"showMaterialUpdate":false,"showSkybox":true,"showFlares":true,"showImageEffects":true,"showParticleSystems":true},"in2DMode":false,"pivot":{"x":-6.550262928009033,"y":-1.2114572525024415,"z":-2.88128662109375},"rotation":{"x":-0.0711480975151062,"y":0.8561417460441589,"z":-0.12258024513721466,"w":-0.4969240128993988},"size":10.216596603393555,"orthographic":false}